{
    "clean": [
        {
            "Hit Ratio": 0.4474060822898032,
            "Precision": 0.058708920187793424,
            "Recall": 0.5117697771081237,
            "NDCG": 0.27413794649552464
        }
    ],
    "attacks": {
        "attack_0": {
            "Hit Ratio": 0.4490161001788909,
            "Precision": 0.05892018779342723,
            "Recall": 0.5161745349348134,
            "NDCG": 0.27726764850285746
        },
        "attack_1": {
            "Hit Ratio": 0.44955277280858674,
            "Precision": 0.0589906103286385,
            "Recall": 0.5110108936425655,
            "NDCG": 0.27689654304636757
        },
        "attack_2": {
            "Hit Ratio": 0.44973166368515205,
            "Precision": 0.05901408450704226,
            "Recall": 0.512415593098523,
            "NDCG": 0.27700794454975275
        },
        "attack_3": {
            "Hit Ratio": 0.4516994633273703,
            "Precision": 0.05927230046948357,
            "Recall": 0.5157259694924622,
            "NDCG": 0.27976943532322757
        },
        "attack_4": {
            "Hit Ratio": 0.44973166368515205,
            "Precision": 0.05901408450704226,
            "Recall": 0.5136081531971902,
            "NDCG": 0.2781605576047763
        }
    }
}