{
    "clean": [
        {
            "Hit Ratio": 0.4711985688729875,
            "Precision": 0.06183098591549296,
            "Recall": 0.5439041226676835,
            "NDCG": 0.2992868374503635
        }
    ],
    "attacks": {
        "attack_0": {
            "Hit Ratio": 0.47549194991055455,
            "Precision": 0.062394366197183096,
            "Recall": 0.5465952121778977,
            "NDCG": 0.2995533555414426
        },
        "attack_1": {
            "Hit Ratio": 0.48067978533094813,
            "Precision": 0.06307511737089203,
            "Recall": 0.5494227843997492,
            "NDCG": 0.3056295150190104
        },
        "attack_2": {
            "Hit Ratio": 0.47942754919499103,
            "Precision": 0.06291079812206572,
            "Recall": 0.55090398409017,
            "NDCG": 0.30384552338734444
        },
        "attack_3": {
            "Hit Ratio": 0.47889087656529516,
            "Precision": 0.06284037558685446,
            "Recall": 0.5487697555572644,
            "NDCG": 0.30516866694588607
        },
        "attack_4": {
            "Hit Ratio": 0.48014311270125226,
            "Precision": 0.06300469483568075,
            "Recall": 0.5472426995142298,
            "NDCG": 0.3031495704115498
        }
    }
}