{
    "clean": [
        {
            "Hit Ratio": 0.19338103756708408,
            "Precision": 0.025375586854460095,
            "Recall": 0.2730260397534745,
            "NDCG": 0.1335280036103804
        }
    ],
    "attacks": {
        "attack_0": {
            "Hit Ratio": 0.1967799642218247,
            "Precision": 0.025821596244131457,
            "Recall": 0.26789453119836715,
            "NDCG": 0.13696385687506935
        },
        "attack_1": {
            "Hit Ratio": 0.1806797853309481,
            "Precision": 0.023708920187793428,
            "Recall": 0.24788547965328842,
            "NDCG": 0.12193504300361512
        },
        "attack_2": {
            "Hit Ratio": 0.1962432915921288,
            "Precision": 0.02575117370892019,
            "Recall": 0.27255537301374283,
            "NDCG": 0.13591003786988237
        },
        "attack_3": {
            "Hit Ratio": 0.18962432915921287,
            "Precision": 0.02488262910798122,
            "Recall": 0.2766810957643809,
            "NDCG": 0.13325989461186857
        },
        "attack_4": {
            "Hit Ratio": 0.19445438282647584,
            "Precision": 0.025516431924882628,
            "Recall": 0.26597893459985916,
            "NDCG": 0.130432021163145
        }
    }
}