{
    "clean": [
        {
            "Hit Ratio": 0.038461538461538464,
            "Precision": 0.005046948356807511,
            "Recall": 0.04041034628450333,
            "NDCG": 0.0172714933263501
        }
    ],
    "attacks": {
        "attack_0": {
            "Hit Ratio": 0.03881932021466905,
            "Precision": 0.0050938967136150235,
            "Recall": 0.038689206599670706,
            "NDCG": 0.017886957658879814
        },
        "attack_1": {
            "Hit Ratio": 0.04132379248658318,
            "Precision": 0.005422535211267606,
            "Recall": 0.04317009019410584,
            "NDCG": 0.017491786369656037
        },
        "attack_2": {
            "Hit Ratio": 0.03935599284436494,
            "Precision": 0.005164319248826291,
            "Recall": 0.047523582234209015,
            "NDCG": 0.020880929265927006
        },
        "attack_3": {
            "Hit Ratio": 0.039177101967799645,
            "Precision": 0.005140845070422535,
            "Recall": 0.040471037796567216,
            "NDCG": 0.01963299001652559
        },
        "attack_4": {
            "Hit Ratio": 0.0407871198568873,
            "Precision": 0.005352112676056338,
            "Recall": 0.04550027954848149,
            "NDCG": 0.0185940001724963
        }
    }
}